85 Franklin St (Adelaide City;SA);Franklin St, Adelaide City (SA) 5000;-34.927367,138.595017
Post Office/Great Ocean Rd;Aireys Inlet;Albert Ave / Great Ocean Rd, Aireys Inlet 3231;-38.458738,144.106973
Bambra Rd/Great Ocean Rd;Aireys Inlet;Bambra Rd / Great Ocean Rd, Aireys Inlet 3231;-38.464737,144.100247
Alberton Store/South Gippsland Hwy;Alberton;Bank St / South Gippsland Hwy, Alberton 3971;-38.614618,146.666742
Albury Railway Station (Albury (NSW));Bay 1 to 4;Smollett St / Hume Hwy, Albury (NSW) 2640;-36.084242,146.924327
Albury Railway Station (Albury;NSW);Smollett St / Hume Hwy, Albury (NSW) 2640;-36.084263,146.924518
Creswick-Newstead Rd;Allendale;Creswick-Newstead Rd, Allendale 3364;-37.371820,143.921420
Phillip Island Rd/Bass Hwy;Anderson;Phillip Island Rd / Bass Hwy, Anderson 3995;-38.526348,145.447528
Post Office/Great Ocean Rd;Anglesea;Camp Rd / Great Ocean Rd, Anglesea 3230;-38.405172,144.189345
Anglesea Motor Inn/Great Ocean Rd;Anglesea;McMillan St / Great Ocean Rd, Anglesea 3230;-38.408997,144.186570
Point Roadknight/Great Ocean Rd;Anglesea;Third Ave / Great Ocean Rd, Anglesea 3230;-38.420392,144.174907
Point Roadknight/Great Ocean Rd;Anglesea;Fourth Ave / Great Ocean Rd, Anglesea 3230;-38.420880,144.173857
Annuello turn off/Robinvale - Sea Lake Rd;Annuello;Koorkab Rd / Robinvale - Sea Lake Rd, Annuello 3549;-34.853993,142.833283
Pisces Holiday Park/Great Ocean Rd;Apollo Bay;Mariners Lookout Rd / Great Ocean Rd, Apollo Bay 3233;-38.741712,143.675386
Information Centre/Great Ocean Rd;Apollo Bay;Hardy St / Great Ocean Rd, Apollo Bay 3233;-38.754437,143.669118
Ararat Railway Station;Ararat;High St, Ararat 3377;-37.282450,142.936933
Ararat Railway Station;Ararat;Birdwood Ave, Ararat 3377;-37.282202,142.936912
Ararat Town Hall/Barkly St;Ararat;Vincent St / Barkly St, Ararat 3377;-37.283640,142.931993
Ardeer Railway Station;Ardeer;Lawrence St / Forrest St, Ardeer 3022;-37.783063,144.802193
Avenel Railway Station;Avenel;Queen St, Avenel 3664;-36.893644,145.229517
Post Office/Sunraysia Hwy;Avoca;Cambridge St / Sunraysia Hwy, Avoca 3467;-37.088987,143.473840
Bairnsdale Railway Station (Bairnsdale);Bay 4;Pyke St / Macleod St, Bairnsdale 3875;-37.828598,147.627597
Bailey St/Princes Hwy;Bairnsdale;Bailey St / Princes Hwy, Bairnsdale 3875;-37.825510,147.632280
Bairnsdale Railway Station;Bairnsdale;Pyke St / Macleod St, Bairnsdale 3875;-37.828717,147.627615
Bairnsdale Railway Station/MacLeod St (Bairnsdale);Bay 5;Pyke St / MacLeod St, Bairnsdale 3875;-37.828212,147.627791
Bairnsdale Railway Station (Bairnsdale);Bay 2;Pyke St / MacLeod St, Bairnsdale 3875;-37.828598,147.627597
Ballan Railway Station;Ballan;Fisken St / Atkinson St, Ballan 3342;-37.603427,144.224982
Ballarat Railway Station;Ballarat Central;Lydiard St, Ballarat Central 3350;-37.558653,143.858758
Ballarat Railway Station;Ballarat Central;Lydiard St / Main St, Ballarat Central 3350;-37.558790,143.859452
Ballarat Hospital/Sturt St;Ballarat Central;Drummond St / Sturt St, Ballarat Central 3350;-37.560632,143.848246
Heritage Park/Market St (Balranald;NSW);Market St, Balranald (NSW) 0;-34.643890,143.564440
Fitzgerald Rd/Robinvale - Sea Lake Rd;Bannerton;Fitzgerald Rd / Robinvale - Sea Lake Rd, Bannerton 3549;-34.701103,142.793777
McPhillips Rd/High St;Bannockburn;McPhillips Rd / High St, Bannockburn 3331;-38.045243,144.172305
Border Service Station/Murray St (Barham;NSW);Thule St / Murray St, Barham (NSW) 0;-35.629898,144.125918
Moira Lakes Rd/Murray St;Barmah;Moira Lakes Rd / Murray St, Barmah 3639;-36.017565,144.957747
General Store/Nangunia St (Barooga;NSW);Macfarland St / Nangunia St, Barooga (NSW) 0;-35.911933,145.690537
Barraport East Rd/Boort - Quambatook Rd;Barraport;Barraport East Rd / Boort - Quambatook Rd, Barraport 3537;-36.009015,143.669192
General Store/Hade Ave;Bass;Bass School Rd / Hade Ave, Bass 3991;-38.483983,145.466367
Orient Street Bus Bay/Orient St (Batemans Bay;NSW);Orient St, Batemans Bay (NSW) 0;-35.710000,150.176940
Hotel/Midland Hwy;Batesford;River St / Midland Hwy, Batesford 3221;-38.089513,144.280335
The Dog Rocks Hotel/Midland Hwy;Batesford;River St / Midland Hwy, Batesford 3221;-38.089270,144.279862
Corner Store/Main St;Bealiba;Cochrane St / Main St, Bealiba 3475;-36.788212,143.550888
Loddon Valley Hwy;Bears Lagoon;Loddon Valley Hwy, Bears Lagoon 3517;-36.332517,143.974500
Beaufort Railway Station;Beaufort;Albert St / Pratt St, Beaufort 3373;-37.427772,143.382380
Havelock St/Neill St;Beaufort;Havelock St / Neill St, Beaufort 3373;-37.429584,143.381957
Shell Roadhouse/Western Hwy;Beaufort;Livingstone St / Western Hwy, Beaufort 3373;-37.429394,143.380373
Ford St/Camp St;Beechworth;Ford St / Camp St, Beechworth 3747;-36.359148,146.686791
Information Centre/Gipps St (Bega;NSW);Gipps St, Bega (NSW) 2550;-36.676390,149.843330
Adiscott Rd/Great Ocean Rd;Bellbrae;Adiscott Rd / Great Ocean Rd, Bellbrae 3228;-38.349557,144.257787
School Rd/Great Ocean Rd;Bellbrae;School Rd / Great Ocean Rd, Bellbrae 3228;-38.338319,144.263573
Jarosite Rd/Great Ocean Rd;Bellbrae;Jarosite Rd / Great Ocean Rd, Bellbrae 3228;-38.368596,144.244611
Belmont Shops/High St;Belmont;Roslyn Rd / High St, Belmont 3216;-38.175167,144.342708
Strand Arcade/High St;Belmont;Roslyn Rd / High St, Belmont 3216;-38.174077,144.343648
Bemm River Rd/Princes Hwy;Bemm River;Bemm River Rd / Princes Hwy, Bemm River 3889;-37.672416,148.794210
Benalla Railway Station;Benalla;Nixon St / Mackellar St, Benalla 3672;-36.544817,145.984002
Mitchell St/Hargreaves St;Bendigo;Mitchell St / Hargreaves St, Bendigo 3550;-36.761020,144.279060
Bendigo Railway Station (Bendigo);Bay 1;Railway Pl, Bendigo 3550;-36.765446,144.282855
Bendigo Railway Station;Bendigo;Mitchell St / Railway Pl, Bendigo 3550;-36.765673,144.283012
Newsagency/Wallaga Lake Rd (Bermagui;NSW);Narrari St / Wallaga Lake Rd, Bermagui (NSW) 2546;-36.421547,150.064602
Bermagui Motor Inn/Lamont St (Bermagui;NSW);Main Rd / Lamont St, Bermagui (NSW) 2546;-36.427106,150.076789
Caltex Service Station/Calder Hwy;Berriwillock;Calder Hwy, Berriwillock 3531;-35.638247,142.998972
Berwick Railway Station;Berwick;Enterprise Ave, Berwick 3806;-38.040410,145.345720
Galaquil West Rd/Henty Hwy;Beulah;Galaquil West Rd / Henty Hwy, Beulah 3395;-35.995328,142.407695
Hogans Newsagent/Phillips St;Beulah;Gladstone St / Phillips St, Beulah 3395;-35.939395,142.420910
Memorial Park/Cumming Ave;Birchip;Glowrey St / Cumming Ave, Birchip 3483;-35.981265,142.917917
Birregurra Railway Station/Birregurra Rd;Birregurra;Birregurra Rd, Birregurra 3242;-38.328807,143.783620
Birregurra Railway Station;Birregurra;Birregurra Rd, Birregurra 3242;-38.328807,143.783620
Roadknight St/Main St;Birregurra;Roadknight St / Main St, Birregurra 3242;-38.336195,143.783451
Hotel/Midland Hwy;Blampied;Treweeks Rd / Midland Hwy, Blampied 3364;-37.367222,144.042233
Shops/123 Princes Hwy (Bodalla;NSW);Princes Hwy, Bodalla (NSW) 0;-36.093818,150.051710
War Memorial/Monaro Hwy (Bombala;NSW);Monaro Hwy, Bombala (NSW) 0;-36.908060,149.236110
Phillip St/Bon Cres;Bonnie Doon;Phillip St / Bon Cres, Bonnie Doon 3720;-37.026572,145.853683
Information Centre/Godfrey St;Boort;Station St / Godfrey St, Boort 3537;-36.116220,143.722495
BJs Roadhouse/North Tce (Bordertown;SA);Woolshed St / North Tce, Bordertown (SA) 5268;-36.308400,140.774000
Perryman St/Boort Wedderburn Rd;Borung;Perryman St / Boort Wedderburn Rd, Borung 3518;-36.291920,143.750513
Post Office/Murray Valley Hwy;Boundary Bend;Kooloonong Rd / Murray Valley Hwy, Boundary Bend 3599;-34.716053,143.150462
Watts St/Whitehorse Rd;Box Hill;Watts St / Whitehorse Rd, Box Hill 3128;-37.818080,145.125700
Watts St/Maroondah Hwy;Box Hill;Watts St / Maroondah Hwy, Box Hill 3128;-37.818603,145.126257
General Store/Main St;Bridgewater;Lyndhurst St / Main St, Bridgewater 3516;-36.602392,143.942102
Alpine Hotel/Anderson St;Bright;Camp St / Anderson St, Bright 3741;-36.728352,146.960432
Swann St/Henty Hwy;Brim;Swann St / Henty Hwy, Brim 3391;-36.076745,142.421038
Broadford Railway Station;Broadford;Pinniger St / High St, Broadford 3658;-37.207202,145.043009
Broadmeadows Railway Station;Broadmeadows;Johnstone St / Pascoe Vale Rd, Broadmeadows 3047;-37.683050,144.919610
Acacia Rd/Creswick-Newstead Rd;Broomfield;Acacia Rd / Creswick-Newstead Rd, Broomfield 3364;-37.386658,143.912231
Hotel/Western Hwy;Buangor;Western Hwy, Buangor 3375;-37.366203,143.172138
Neals Rd/Meeniyan - Promontory Rd;Buffalo;Neals Rd / Meeniyan - Promontory Rd, Buffalo 3958;-38.649808,146.018185
opp Service Station/Daylesford-Trentham Rd;Bullarto;Daylesford-Trentham Rd, Bullarto 3461;-37.394378,144.221589
Service Station/Daylesford-Trentham Rd;Bullarto;Daylesford-Trentham Rd, Bullarto 3461;-37.394314,144.222341
General Store/Barmah - Shepparton Rd;Bunbartha;Loch Garry Rd / Barmah - Shepparton Rd, Bunbartha 3634;-36.220174,145.344297
La Trobe University Medical Centre/Plenty Rd;Bundoora;Plenty Rd, Bundoora 3083;-37.715665,145.044026
Forest St/Warrenheip St;Buninyong;Forest St / Warrenheip St, Buninyong 3357;-37.648880,143.884308
Bunyip Railway Station;Bunyip;Nar Nar Goon - Longwarry Rd, Bunyip 3815;-38.099110,145.720762
Bunyip Railway Station/Nar Nar Goon-Longwarry Rd;Bunyip;Berry Lane / Nar Nar Goon-Longwarry Rd, Bunyip 3815;-38.099561,145.721540
Tungamah Rd/Murray Valley Hwy;Burramine;Tungamah Rd / Murray Valley Hwy, Burramine 3730;-35.995387,145.878646
Lake Burrumbeet Caravan Park/Remembrance Dr;Burrumbeet;Alexanders Rd / Remembrance Dr, Burrumbeet 3352;-37.490035,143.672350
Pearses Rd/Hamilton - Port Fairy Rd;Byaduk;Pearses Rd / Hamilton - Port Fairy Rd, Byaduk 3301;-37.946861,141.952371
White St/Hamilton - Port Fairy Rd;Byaduk North;White St / Hamilton - Port Fairy Rd, Byaduk North 3300;-37.894275,141.954434
General Store/Princes Hwy;Cabbage Tree Creek;Princes Hwy, Cabbage Tree Creek 3889;-37.697818,148.720579
Campbellfield Plaza/Sydney Rd;Campbellfield;Sydney Rd, Campbellfield 3061;-37.686990,144.959464
Opposite Old Garage/Creswick-Newstead Rd;Campbelltown;Creswick-Newstead Rd, Campbelltown 3364;-37.203470,143.946440
Camperdown Railway Station;Camperdown;Pike St / Longmore St, Camperdown 3260;-38.228725,143.150582
Jolimont Centre/Northbourne Ave (Canberra;ACT);Northbourne Ave, Canberra (ACT) 2600;-35.279440,149.128060
Canberra Railway Station/Wentworth Ave (Canberra;ACT);Wentworth Ave, Canberra (ACT) 2600;-35.321670,149.148330
United Roadhouse/Cox St;Cann River;Princes Hwy / Cox St, Cann River 3890;-37.565280,149.154720
Seaward Dr/Cape Paterson Rd;Cape Paterson;Seaward Dr / Cape Paterson Rd, Cape Paterson 3995;-38.667845,145.621130
Panorama Dr/Phillip Island Rd;Cape Woolamai;Panorama Dr / Phillip Island Rd, Cape Woolamai 3925;-38.520700,145.337000
Post Office/Hamilton Hwy;Caramut;Hamilton Hwy, Caramut 3274;-37.958200,142.518837
Windermere Way/Haddon-Windermere Rd;Cardigan Village;Windermere Way  / Haddon-Windermere Rd, Cardigan Village 3352;-37.514711,143.705449
General Store/Green St;Carisbrook;Green St, Carisbrook 3464;-37.048675,143.812693
Heathcote Retreat/The Crossing;Caroline Springs;Heathcote Retreat  / The Crossing , Caroline Springs 3023;-37.733593,144.733772
Wathen St/Henty St;Casterton;Wathen St / Henty St, Casterton 3311;-37.585818,141.402535
Castlemaine Railway Station;Castlemaine;Templeton St / Kennedy St, Castlemaine 3450;-37.062850,144.214160
Caulfield Railway Station;Caulfield East;Station St / Normanby Ave, Caulfield East 3145;-37.877460,145.042520
Travellers Rest/John Curtin Dr;Charlton;Calder Hwy / John Curtin Dr, Charlton 3525;-36.268355,143.350882
Chiltern Railway Station;Chiltern;Beechworth - Chiltern Rd / Railway Access Rd, Chiltern 3683;-36.155634,146.611380
Chiltern Sports Complex/Alliance St;Chiltern;Main St / Alliance St, Chiltern 3683;-36.152097,146.609182
Clarendon-Lal Lal Rd/Midland Hwy;Clarendon;Clarendon-Lal Lal Rd / Midland Hwy, Clarendon 3352;-37.694333,143.973303
Clarkefield Railway Station;Clarkefield;Station St, Clarkefield 3430;-37.483497,144.745368
Clayton Railway Station;Clayton;Clayton Rd / Haughton Rd, Clayton 3168;-37.924683,145.120531
Butcher Shop/Service St;Clunes;Fraser St / Service St, Clunes 3370;-37.293688,143.787038
Clunes Railway Station;Clunes;Ballarat Maryborough Rd, Clunes 3370;-37.303143,143.781574
Clunes Station/Ballarat Maryborough Rd;Clunes;Ballarat Maryborough Rd, Clunes 3370;-37.303143,143.781574
Clyde - Five Ways Rd/South Gippsland Hwy;Clyde;Clyde - Five Ways Rd / South Gippsland Hwy, Clyde 3978;-38.159545,145.318173
United Service Station/Princes Hwy (Cobargo;NSW);Princes Hwy, Cobargo (NSW) 0;-36.386473,149.889544
Cobram Station/Punt Rd;Cobram;Murray St / Punt Rd, Cobram 3644;-35.920478,145.644772
North of Bell Street/Sydney Rd;Coburg;Bell St / Sydney Rd, Coburg 3058;-37.741150,144.966471
Post Office/King Edward St;Cohuna;Sampson St / King Edward St, Cohuna 3568;-35.809070,144.219770
Colac Railway Station;Colac;Gellibrand St, Colac 3250;-38.343203,143.586483
Colac Railway Station;Colac;Lavers Hill Rd / Gellibrand St, Colac 3250;-38.343378,143.586658
General Store/Mitchell St;Colbinabbin;Collin St / Mitchell St, Colbinabbin 3559;-36.590374,144.796168
General Store/Mitchell St;Colbinabbin;Collins St / Mitchell St, Colbinabbin 3559;-36.590220,144.796094
Opposite Bendigo Bank/Kingfisher Ave (Coleambally;NSW);Brolga Pl / Kingfisher Ave, Coleambally (NSW) 2707;-34.805212,145.881245
Whyte St/Henty St;Coleraine;Whyte St / Henty St, Coleraine 3315;-37.598363,141.693557
Centennial Park/Bombala St (Cooma;NSW);Bombala St, Cooma (NSW) 0;-36.234170,149.126940
BP Roadhouse/North Tce (Coonalpyn;SA);North Tce, Coonalpyn (SA) 5265;-35.690830,139.854720
Corinella Rd/Bass Hwy;Corinella;Corinella Rd / Bass Hwy, Corinella 3984;-38.433067,145.496745
Corio Railway Station;Corio;School Rd, Corio 3214;-38.072835,144.379770
BP Service Station/1929 Midland Hwy;Corop;Midland Hwy, Corop 3559;-36.457827,144.797101
Sanger St/River St (Corowa;NSW);Sanger St / River St, Corowa (NSW) 0;-35.998773,146.391420
Walton St/Thompson Ave;Cowes;Walton St / Thompson Ave, Cowes 3922;-38.459050,145.239070
Thompson Ave/Chapel St;Cowes;Thompson Ave / Chapel St, Cowes 3922;-38.450220,145.238400
McEwan Rd/Traralgon - Maffra Rd;Cowwarr;McEwan Rd / Traralgon - Maffra Rd, Cowwarr 3857;-38.014043,146.695495
Summit Rd/South Eastern Fwy (Crafers;SA);Summit Rd / South Eastern Fwy, Crafers (SA) 5152;-34.998610,138.700830
Craigieburn Railway Station;Craigieburn;Hothlyn Dr, Craigieburn 3064;-37.601925,144.943309
Station St/High St;Cranbourne;Station St / High St, Cranbourne 3977;-38.101647,145.282646
Cranbourne Shopping Centre/Lyall St;Cranbourne;High St / Lyall St, Cranbourne 3977;-38.109447,145.283819
Cranbourne Shopping Centre/High St;Cranbourne;Lyall St / High St, Cranbourne 3977;-38.108903,145.283180
Raglan St/Albert St;Creswick;Raglan St / Albert St, Creswick 3363;-37.424487,143.894070
Forest Resort/Midland Hwy;Creswick;Lakeside Dr / Midland Hwy, Creswick 3363;-37.444278,143.888475
Creswick Railway Station;Creswick;Raglan St, Creswick 3363;-37.424605,143.888122
Broomfield Rd/Clunes-Creswick Rd;Creswick North;Broomfield Rd / Clunes-Creswick Rd, Creswick North 3363;-37.408860,143.888229
Dorset (before) Rd/Maroondah Hwy;Croydon;Dorset (before) Rd / Maroondah Hwy, Croydon 3136;-37.770472,145.295617
Exeter Rd/Maroondah Hwy;Croydon North;Exeter Rd / Maroondah Hwy, Croydon North 3136;-37.770442,145.295454
Garage/Main St;Culgoa;Hoopers Rd / Main St, Culgoa 3530;-35.717982,143.108098
Dadswells Bridge Motel/Western Hwy;Dadswells Bridge;Western Hwy, Dadswells Bridge 3385;-36.917603,142.513737
Mort Ave/Princes Hwy (Dalmeny;NSW);Mort Ave / Princes Hwy, Dalmeny (NSW) 0;-36.169930,150.107940
Ozone Hotel/Bass Hwy;Dalyston;Walker St / Bass Hwy, Dalyston 3992;-38.563287,145.547002
Walker St/Bass Hwy;Dalyston;Walker St / Bass Hwy, Dalyston 3992;-38.563585,145.547137
Dandenong Railway Station (Dandenong);Bay 10/11;Foster St, Dandenong 3175;-37.989905,145.209577
Dandenong Railway Station;Dandenong;Foster St, Dandenong 3175;-37.989968,145.209728
Hotel/Hamilton Hwy;Darlington;Hamilton Hwy, Darlington 3271;-37.998985,143.044685
Coolabah Café/Bridge Rd (Darlington Point;NSW);Stock St / Bridge Rd, Darlington Point (NSW) 2706;-34.568032,146.000332
On-ramp/Princes Fwy;Darnum;On-ramp  / Princes Fwy, Darnum 3822;-38.186274,146.002018
General Store/Greenham St;Dartmoor;Ascot St / Greenham St, Dartmoor 3304;-37.922233,141.276888
Opposite CFA/Bridport St;Daylesford;Midland Hwy / Bridport St, Daylesford 3460;-37.342633,144.140855
Deer Park Railway Station;Deer Park;Station Rd / Railway Pde, Deer Park 3023;-37.777760,144.772307
344 Whitelock St (Deniliquin;NSW);Whitelock St, Deniliquin (NSW) 0;-35.528430,144.961398
General Store/Hamilton Hwy;Derrinallum;Hamilton Hwy, Derrinallum 3325;-37.947855,143.223572
Town Hall/Devenish Rd;Devenish;Devenish Rd, Devenish 3726;-36.331070,145.894473
Diggers Rest Railway Station;Diggers Rest;Old Calder Hwy, Diggers Rest 3427;-37.627013,144.719918
Car Park Rear Toilet Block/Lloyd St;Dimboola;Lloyd St, Dimboola 3414;-36.454105,142.026418
Dimboola Railway Station;Dimboola;Hindmarsh St, Dimboola 3414;-36.454180,142.032468
Dingee Railway Station;Dingee;Bendigo - Pyramid Rd, Dingee 3571;-36.368982,144.231968
Dingee Railway Station;Dingee;Bendigo-pyramid Rd, Dingee 3571;-36.368730,144.231980
Post Office/Sunraysia Hwy;Donald;McCulloch St / Sunraysia Hwy, Donald 3480;-36.370667,142.982665
Donnybrook Railway Station;Donnybrook;Donnybrook Rd, Donnybrook 3064;-37.542592,144.969865
Drouin Railway Station;Drouin;Princes Way, Drouin 3818;-38.136453,145.855943
Information Centre/Glenelg Hwy;Dunkeld;Glenelg Hwy, Dunkeld 3294;-37.649484,142.342547
Bull St/Broadway;Dunolly;Bull St / Broadway , Dunolly 3472;-36.858350,143.730792
Boort - Pyramid Rd/Loddon Valley Hwy;Durham Ox;Boort - Pyramid Rd / Loddon Valley Hwy, Durham Ox 3576;-36.125723,143.920787
Victoria St/High St;Eaglehawk;Victoria St / High St, Eaglehawk 3556;-36.719322,144.254588
Eaglehawk Railway Station;Eaglehawk;Caldwells Rd / Hall St, Eaglehawk 3556;-36.718528,144.248382
Golf Links Rd/Great Ocean Rd;Eastern View;Golf Links Rd / Great Ocean Rd, Eastern View 3231;-38.471585,144.045473
Echuca Coach Terminal/Heygarth St;Echuca;Cobb Hwy / Heygarth St, Echuca 3564;-36.124085,144.751928
Echuca Railway Station;Echuca;Darling St / Sturt St, Echuca 3564;-36.130985,144.753463
Echuca Railway Station/Sturt St;Echuca;Darling St / Sturt St, Echuca 3564;-36.131110,144.753610
Caltex Roadhouse Rose St/Northern Hwy;Echuca;Northern Hwy, Echuca 3564;-36.144746,144.730241
Sun River Home Park/Northern Hwy;Echuca;Northern Hwy, Echuca 3564;-36.145543,144.729977
Caltex Service Station/Princes Hwy (Eden;NSW);Princes Hwy, Eden (NSW) 0;-37.063610,149.903890
Thomas Rd/Midland Hwy;Eganstown;Thomas Rd / Midland Hwy, Eganstown 3461;-37.358200,144.073651
General Store/Midland Hwy;Elaine;Pearsons Rd / Midland Hwy, Elaine 3334;-37.777237,144.028848
Cardwell St/Northern Hwy;Elmore;Cardwell St / Northern Hwy, Elmore 3558;-36.495308,144.607892
Elmore Railway Station;Elmore;Cardwell St / Northern Hwy, Elmore 3558;-36.495348,144.608118
1666 Dunolly Rd;Emu;Dunolly Rd, Emu 3475;-36.731060,143.441083
Dunolly Rd;Emu;Dunolly Rd, Emu 3475;-36.731180,143.441100
Essendon Railway Station;Essendon;Buckley St / Rose St, Essendon 3040;-37.756010,144.916200
McGuinness St/Railway St;Euroa;McGuinness St / Railway St, Euroa 3666;-36.749277,145.568375
Euroa Railway Station;Euroa;McGuinness St / Railway St, Euroa 3666;-36.749145,145.567865
Caltex Roadhouse/Sturt Hwy (Euston;NSW);Sturt Hwy, Euston (NSW) 0;-34.574540,142.740100
Everton General Store/Great Alpine Rd;Everton;Meadow Ct / Great Alpine Rd, Everton 3678;-36.432807,146.540926
Yarringa Rd/Great Ocean Rd;Fairhaven;Yarringa Rd / Great Ocean Rd, Fairhaven 3231;-38.468167,144.085052
Wollamai St/Murray St (Finley;NSW);Wollamai St / Murray St, Finley (NSW) 2713;-35.639750,145.578639
Roo Fuel/Meeniyan - Promontory Rd;Fish Creek;Falls Rd / Meeniyan - Promontory Rd, Fish Creek 3959;-38.694073,146.082693
La Trobe University/Retreat Rd;Flora Hill;Retreat Rd, Flora Hill 3550;-36.782800,144.288760
La Trobe University/Sharon St;Flora Hill;Keck St / Sharon St, Flora Hill 3550;-36.777626,144.299351
Flowerdale Hotel/Whittlesea-Yea Rd;Flowerdale;Whittlesea-Yea Rd, Flowerdale 3717;-37.320695,145.288325
Footscray Railway Station;Footscray;Hopkins St / Irving St, Footscray 3011;-37.801410,144.902023
Pulhams Store/Main St;Foster;Bridge St / Main St, Foster 3960;-38.652218,146.200170
Garfield Railway Station;Garfield;Nar Nar Goon - Longwarry Rd, Garfield 3814;-38.091030,145.674220
Moorabool St/Malop St;Geelong;Moorabool St / Malop St, Geelong 3220;-38.147422,144.361148
Geelong Railway Station;Geelong;Railway Tce / Mercer St, Geelong 3220;-38.144241,144.354992
opposite Genoa Hotel/Alexanders Rd;Genoa;Alexanders Rd, Genoa 3891;-37.477220,149.588890
Roadside Stop/Mallee Hwy (Geranium;SA);Mallee Hwy, Geranium (SA) 0;-35.377900,140.161694
Opposite Highway Bus Shelter/Midland Hwy;Gheringhap;Ryan Rd / Midland Hwy, Gheringhap 3331;-38.076948,144.234232
Highway Bus Shelter/Midland Hwy;Gheringhap;Ryan Rd / Midland Hwy, Gheringhap 3331;-38.076898,144.234408
Township/Gipsy Point Rd;Gipsy Point;Gipsy Point Rd, Gipsy Point 3891;-37.480487,149.679225
Milk Bar/Station St;Girgarre;Dickman St / Station St, Girgarre 3624;-36.397072,144.980858
Coles Supermarket/Aitken St;Gisborne;Aitken St, Gisborne 3437;-37.485553,144.591648
Roadhouse/Melba Hwy;Glenburn;Melba Hwy, Glenburn 3717;-37.418990,145.427045
Opposite Hotel/Main St;Glengarry;Main St, Glengarry 3854;-38.125480,146.573544
Glenloth Rd/Calder Hwy;Glenloth;Glenloth Rd / Calder Hwy, Glenloth 3527;-36.139012,143.287058
Wills St/Edwards St;Glenorchy;Wills St / Edwards St, Glenorchy 3385;-36.906665,142.663948
Cameron St/Glenelg Hwy;Glenthompson;Cameron St / Glenelg Hwy, Glenthompson 3293;-37.636608,142.546777
Sovereign Hill/Bradshaw St (Golden Point;3350);Dunn St / Bradshaw St, Golden Point (3350) 0;-37.574730,143.866420
Victory Park/Hall Rd;Goorambat;Park St / Hall Rd, Goorambat 3725;-36.411227,145.922757
Goornong Newsagency/Midland Hwy;Goornong;Midland Hwy, Goornong 3557;-36.608060,144.531390
Pier Rd/Bass Hwy;Grantville;Pier Rd / Bass Hwy, Grantville 3984;-38.406957,145.530387
Mechanics Institute Hall/Western Hwy;Great Western;Cubitt St / Western Hwy, Great Western 3377;-37.152717,142.855620
General Store/Western Hwy;Great Western;Cubitt St / Western Hwy, Great Western 3377;-37.151522,142.853618
Township/Boort - Quambatook Rd;Gredgwin;Boort - Quambatook Rd, Gredgwin 3537;-35.969590,143.618820
Visitors Centre/Jondaryan Ave (Griffith;NSW);Banna Ave / Jondaryan Ave, Griffith (NSW) 2680;-34.289622,146.050360
Pioneer Rd/Torquay Rd;Grovedale;Pioneer Rd / Torquay Rd, Grovedale 3216;-38.202464,144.340874
Reserve Rd/Torquay Rd;Grovedale;Reserve Rd / Torquay Rd, Grovedale 3216;-38.204171,144.340818
General Store/Midland Hwy;Guildford;Fryers Rd / Midland Hwy, Guildford 3451;-37.148802,144.166377
Newsagent/Murray Valley Hwy;Gunbower;Murray Valley Hwy, Gunbower 3566;-35.956292,144.368792
Gunbower Pyramid Rd/Murray Valley Hwy;Gunbower;Gunbower Pyramid Rd / Murray Valley Hwy, Gunbower 3566;-35.955980,144.368800
Tourist Information Centre/249 Sheridan St (Gundagai;NSW);Sheridan St, Gundagai (NSW) 2722;-35.063023,148.101368
V/Line stop nr Community Hall/Sago Hill Rd;Haddon;Sago Hill Rd, Haddon 3351;-37.589613,143.720585
Haddon Community Hall/Sago Hill Rd;Haddon;Sago Hill Rd, Haddon 3351;-37.589545,143.720833
Information Centre/Grampians Rd;Halls Gap;Grampians Rd, Halls Gap 3381;-37.140620,142.518975
Tim's Place/44 Grampians Rd;Halls Gap;Grampians Rd, Halls Gap 3381;-37.134370,142.521708
Tim's Place/Grampians Rd;Halls Gap;Grampians Rd, Halls Gap 3381;-37.134370,142.521708
Hamilton Railway Station/Station St;Hamilton;Brown St / Station St, Hamilton 3300;-37.746555,142.028308
Calvert St/Midland Hwy;Hamlyn Heights;Calvert St / Midland Hwy, Hamlyn Heights 3215;-38.120143,144.333627
Calvert St/Ballarat Rd;Hamlyn Heights;Calvert St / Ballarat Rd, Hamlyn Heights 3215;-38.120570,144.334281
V/Line stop/Calder Hwy;Harcourt;Market St / Calder Hwy, Harcourt 3453;-36.996932,144.260633
V/Line Stop/Calder Hwy;Harcourt;Market St / Calder Hwy, Harcourt 3453;-36.996825,144.260980
BP Store/Calder Hwy;Hattah;Hattah - Robinvale Rd / Calder Hwy, Hattah 3501;-34.761533,142.279315
Austin St/Penhurst-Warrnambool Rd;Hawkesdale;Austin St / Penhurst-Warrnambool Rd, Hawkesdale 3287;-38.106637,142.321993
Silver Creek Rd/Whittlesea-Yea Rd;Hazeldene;Silver Creek Rd / Whittlesea-Yea Rd, Hazeldene 3658;-37.373983,145.280250
Hazeldene Bridge/Whittlesea-Yea Rd;Hazeldene;Broome Rd / Whittlesea-Yea Rd, Hazeldene 3658;-37.344165,145.288815
Ampol Roadhouse/Northern Hwy;Heathcote;Jennings St / Northern Hwy, Heathcote 3523;-36.927402,144.711855
Mitchell St/High St;Heathcote;Mitchell St / High St, Heathcote 3523;-36.915161,144.701039
224 High St;Heathcote;High St, Heathcote 3523;-36.915441,144.701569
Heathcote Junction Railway Station;Heathcote Junction;Rail St, Heathcote Junction 3758;-37.367732,145.026305
Hexham-Chatsworth Rd/Hamilton Hwy;Hexham;Hexham-Chatsworth Rd / Hamilton Hwy, Hexham 3273;-37.995872,142.686390
Gordon St/Mary St;Heyfield;Gordon St / Mary St, Heyfield 3858;-37.979322,146.791235
Temple St/Harbeck St;Heyfield;Temple St / Harbeck St, Heyfield 3858;-37.982592,146.784862
Lindsay St/Princes Hwy;Heywood;Lindsay St / Princes Hwy, Heywood 3304;-38.132952,141.629795
Westpac Bank/Hume Hwy (Holbrook;NSW);Hume Hwy, Holbrook (NSW) 2644;-35.723140,147.317720
near Fire Station/Henty Hwy;Hopetoun;Austin St / Henty Hwy, Hopetoun 3396;-35.726892,142.364510
Coach Terminal/24 Roberts Ave;Horsham;Roberts Ave, Horsham 3402;-36.714190,142.200520
Horsham Railway Station;Horsham;Railway Ave, Horsham 3402;-36.707500,142.200560
Verdon St/Brooke St;Inglewood;Verdon St / Brooke St, Inglewood 3517;-36.575040,143.867897
Newsagent/Brooke St;Inglewood;Verdon St / Brooke St, Inglewood 3517;-36.575465,143.868310
Ramsay Bvd/The Esplanade;Inverloch;Ramsay Bvd / The Esplanade , Inverloch 3996;-38.634608,145.729680
Hassell St/Calder Hwy;Irymple;Hassell St / Calder Hwy, Irymple 3498;-34.236278,142.171893
Jabuk Store/Mallee Hwy (Jabuk;SA);Mallee Hwy, Jabuk (SA) 0;-35.383610,140.055560
Bay Rd/Bass Hwy;Jam Jerrup;Bay Rd / Bass Hwy, Jam Jerrup 3984;-38.326749,145.544927
Duffields Rd/Great Ocean (South) Rd;Jan Juc;Duffields Rd / Great Ocean (South) Rd, Jan Juc 3228;-38.338805,144.305898
Bells Bvd/Great Ocean Rd;Jan Juc;Bells Bvd / Great Ocean Rd, Jan Juc 3228;-38.338612,144.286790
Duffields Rd/Great Ocean (North) Rd;Jan Juc;Duffields Rd / Great Ocean (North) Rd, Jan Juc 3228;-38.338729,144.306498
Caltex Roadhouse/Newell Hwy (Jerilderie;NSW);Newell Hwy, Jerilderie (NSW) 2716;-35.358900,145.740017
General Store/Princes Hwy;Johnsonville;Bumberrah Rd / Princes Hwy, Johnsonville 3902;-37.819848,147.831637
Kaarimba Rd/Barmah - Shepparton Rd;Kaarimba;Kaarimba Rd / Barmah - Shepparton Rd, Kaarimba 3635;-36.150131,145.295023
Lookout Rd/Princes Hwy;Kalimna;Lookout Rd / Princes Hwy, Kalimna 3909;-37.879245,147.961890
Hunters Lane/Princes Hwy;Kalimna West;Hunters Lane / Princes Hwy, Kalimna West 3909;-37.868855,147.957217
Kangaroo Flat Station/High St;Kangaroo Flat;Station St / High St, Kangaroo Flat 3555;-36.795033,144.244528
Kangaroo Flat Railway Station;Kangaroo Flat;Station St / Short St, Kangaroo Flat 3555;-36.794838,144.248993
Mobil Roadhouse/Western Hwy;Kaniva;Baker St / Western Hwy, Kaniva 3419;-36.378850,141.240520
Roadhouse/Western Hwy;Kaniva;Baker St / Western Hwy, Kaniva 3419;-36.378945,141.240770
General Store/Numurkah Rd;Katunga;Carter St / Numurkah Rd, Katunga 3640;-35.999370,145.460428
Makin St/Heritage St (Keith;SA);Makin St / Heritage St, Keith (SA) 5267;-36.098367,140.354777
Hawdon Ave/Great Ocean Rd;Kennett River;Hawdon Ave / Great Ocean Rd, Kennett River 3221;-38.667951,143.861840
Kennett River/Great Ocean Rd;Kennett River;Hawdon Ave / Great Ocean Rd, Kennett River 3221;-38.667950,143.861410
South Kensington Railway Station;Kensington;Childers St, Kensington 3031;-37.799533,144.925469
Kerang Railway Station;Kerang;Scoresby St / Boundary St, Kerang 3579;-35.733133,143.924338
Hotel/Western Hwy;Kiata;Western Hwy, Kiata 3418;-36.363007,141.794300
Peppermint Rd/Bass Hwy;Kilcunda;Peppermint Rd / Bass Hwy, Kilcunda 3995;-38.549010,145.475192
Bourke St/Sydney St;Kilmore;Bourke St / Sydney St, Kilmore 3764;-37.294955,144.951705
Hudson Park/Sydney St;Kilmore;Skehan Pl / Sydney St, Kilmore 3764;-37.295288,144.951967
Kilmore East Railway Station;Kilmore East;O'Gradys Rd, Kilmore East 3764;-37.293208,144.983565
General Store/Whittlesea-Yea Rd;Kinglake West;Whittlesea-Kinglake Rd / Whittlesea-Yea Rd, Kinglake West 3757;-37.475397,145.236938
La Trobe Uni Medical Centre/Plenty Rd;Kingsbury;Cash St / Plenty Rd, Kingsbury 3083;-37.716069,145.043307
Bus Interchange/Rossiter Rd;Koo Wee Rup;Station St / Rossiter Rd, Koo Wee Rup 3981;-38.199843,145.490148
Thompson St/Main St;Koondrook;Thompson St / Main St, Koondrook 3580;-35.643577,144.131192
Big Strawberry Restaurant/Goulburn Valley Hwy;Koonoomoo;Cobram-Koonoomoo Rd / Goulburn Valley Hwy, Koonoomoo 3644;-35.888799,145.574269
Village Green/Commercial Rd;Koroit;Spring St / Commercial Rd, Koroit 3282;-38.291654,142.362514
Village Green/North Rd;Koroit;Commercial Rd / North Rd, Koroit 3282;-38.291217,142.362535
Korong Vale Post Office/Allen St;Korong Vale;Allen St, Korong Vale 3520;-36.355631,143.706178
17 Allen St;Korong Vale;Allen St, Korong Vale 3520;-36.355642,143.706186
Radovick St/Commercial St;Korumburra;Radovick St / Commercial St, Korumburra 3950;-38.430885,145.822820
King St/Commercial St;Korumburra;King St / Commercial St, Korumburra 3950;-38.430365,145.821932
Coal Creek Museum/South Gippsland Hwy;Korumburra;Silkstone Rd / South Gippsland Hwy, Korumburra 3950;-38.441578,145.829928
Transit Centre/Union St;Kyabram;Fenaughty St / Union St, Kyabram 3620;-36.314283,145.047443
Kyneton Railway Station;Kyneton;Mollison St, Kyneton 3444;-37.258277,144.450602
Kyneton Railway Station;Kyneton;Kyneton-Trentham Rd, Kyneton 3444;-37.258060,144.450000
Service Station/28 Murray Valley Hwy;Lake Boga;Murray Valley Hwy, Lake Boga 3584;-35.463817,143.636532
BP Service Station/Murray Valley Hwy;Lake Boga;Murray Valley Hwy, Lake Boga 3584;-35.464043,143.636407
Information Centre/Glenelg Hwy;Lake Bolac;Mortlake-Ararat Rd / Glenelg Hwy, Lake Bolac 3351;-37.712130,142.840623
Service Station/Murray Valley Hwy;Lake Charm;Murray Valley Hwy, Lake Charm 3581;-35.608013,143.801772
Barracouta Rd/Lake Tyers Rd;Lake Tyers Beach;Barracouta Rd / Lake Tyers Rd, Lake Tyers Beach 3909;-37.861865,148.070672
Post Office/Princes Hwy;Lakes Entrance;Barkes Ave / Princes Hwy, Lakes Entrance 3909;-37.881430,147.982660
Police Station/Roadknight St;Lakes Entrance;Myer St / Roadknight St, Lakes Entrance 3909;-37.877586,147.995229
Jetty Rd/Princes Hwy;Lakes Entrance;Jetty Rd / Princes Hwy, Lakes Entrance 3909;-37.874773,148.007469
Eaglesons Rd/Clarendon-Lal Lal Rd;Lal Lal;Eaglesons Rd / Clarendon-Lal Lal Rd, Lal Lal 3352;-37.675410,144.012508
McGregor's Garage/Donald - Swan Hill Rd;Lalbert;View St / Donald - Swan Hill Rd, Lalbert 3542;-35.670777,143.375332
Post Office/Railway Tce (Lameroo;SA);Railway Tce, Lameroo (SA) 0;-35.328890,140.509440
Weller Rd/Byrneside-Kyabram Rd;Lancaster;Weller Rd / Byrneside-Kyabram Rd, Lancaster 3620;-36.314782,145.131940
High St/Romsey Rd;Lancefield;High St / Romsey Rd, Lancefield 3435;-37.278115,144.736610
Comfort Station Bus Interchange/Western Port Rd;Lang Lang;Western Port Rd, Lang Lang 3984;-38.265722,145.562645
Correction Centre/Langi Kal Kal Rd;Langi Kal Kal;Langi Kal Kal Rd, Langi Kal Kal 3373;-37.405353,143.488089
Lara Railway Station;Lara;Walkers Rd / Hicks St, Lara 3212;-38.022428,144.414402
Boree St/Sunraysia Hwy;Lascelles;Boree St / Sunraysia Hwy, Lascelles 3487;-35.607883,142.579260
General Store/Great Ocean Rd;Lavers Hill;Colac - Lavers Hill Rd / Great Ocean Rd, Lavers Hill 3238;-38.678207,143.388773
King Albert Ave/Leitchville Rd;Leitchville;King Albert Ave / Leitchville Rd, Leitchville 3567;-35.903640,144.301112
Leongatha Railway Station/Long St;Leongatha;Strzelecki Hwy / Long St, Leongatha 3953;-38.477415,145.948480
General Store/Midland Hwy;Lethbridge;Russell St / Midland Hwy, Lethbridge 3332;-37.966901,144.132033
Opposite General Store/Midland Hwy;Lethbridge;Russell St / Midland Hwy, Lethbridge 3332;-37.967004,144.131935
CFA Building/Western Hwy;Lillimur;Western Hwy, Lillimur 3415;-36.362138,141.129655
Lilydale Railway Station/Maroondah Hwy (Lilydale);Bay 5;William Street East  / Maroondah Hwy, Lilydale 3140;-37.756546,145.347091
Lindenow Rd/Princes Hwy;Lindenow;Lindenow Rd / Princes Hwy, Lindenow 3865;-37.881015,147.421785
General Store/Glenelg Hwy;Linton;Gillespie St / Glenelg Hwy, Linton 3360;-37.687858,143.561692
Newsagency/Hamilton Hwy;Lismore;Heriot St / Hamilton Hwy, Lismore 3324;-37.953853,143.343732
Little River Railway Station;Little River;You Yangs Rd / Little River Rd, Little River 3211;-37.962928,144.498485
Clarence St/Victoria Rd;Loch;Clarence St / Victoria Rd, Loch 3945;-38.368692,145.706450
Singer Rd/Lockington Rd;Lockington;Singer Rd / Lockington Rd, Lockington 3563;-36.271742,144.535782
Bendigo - Maryborough Rd/Calder Alternative Hwy;Lockwood;Bendigo - Maryborough Rd / Calder Alternative Hwy, Lockwood 3551;-36.809694,144.158852
Spring Creek/Bendigo - Maldon Rd;Lockwood South;Pinjarra Dr / Bendigo - Maldon Rd, Lockwood South 3551;-36.877609,144.146662
Mulberry Lane/Bendigo - Maldon Rd;Lockwood South;Mulberry Lane / Bendigo - Maldon Rd, Lockwood South 3551;-36.895441,144.140145
Longwarry Railway Station;Longwarry;Kennedy St / Nar Nar Goon - Longwarry Rd, Longwarry 3816;-38.112838,145.771091
Longwarry Railway Station;Longwarry;Kennedy St / MacKay St, Longwarry 3816;-38.111450,145.768920
Lorne Visitor Centre/Great Ocean Rd;Lorne;Otway St / Great Ocean Rd, Lorne 3232;-38.538837,143.975385
Otway St/Great Ocean Rd;Lorne;Otway St / Great Ocean Rd, Lorne 3232;-38.538277,143.975115
Lorne Hotel (opp)/Great Ocean Rd;Lorne;Bay St / Great Ocean Rd, Lorne 3232;-38.542963,143.976060
Lorne Hotel/Great Ocean Rd;Lorne;Bay St / Great Ocean Rd, Lorne 3232;-38.542996,143.976040
Main St/Daylesford-Trentham Rd;Lyonville;Main St / Daylesford-Trentham Rd, Lyonville 3461;-37.386632,144.261541
Eversley St/Hamilton - Port Fairy Rd;Macarthur;Eversley St / Hamilton - Port Fairy Rd, Macarthur 3286;-38.033012,141.999733
Macedon Railway Station;Macedon;Victoria St / Smith St, Macedon 3440;-37.423577,144.561397
Bacchus Marsh Railway Station;Maddingley;Bond St / Station St, Maddingley 3340;-37.687582,144.436788
Bacchus Marsh Railway Station;Maddingley;, Maddingley 3340;-37.687582,144.436788
Boisdale St/Johnson St;Maffra;Boisdale St / Johnson St, Maffra 3860;-37.970400,146.982362
Pearson St/Johnson St;Maffra;Pearson St / Johnson St, Maffra 3860;-37.966313,146.975632
Maiden Gully Rd/Calder Hwy;Maiden Gully;Maiden Gully Rd / Calder Hwy, Maiden Gully 3551;-36.742573,144.211000
Opposite CFA/Maroondah Hwy;Maindample;Railway St / Maroondah Hwy, Maindample 3723;-37.028700,145.940205
Post Office/High St;Maldon;Francis St / High St, Maldon 3463;-36.995970,144.068001
Bendigo Bank/Maurice Ave;Mallacoota;Greer St / Maurice Ave, Mallacoota 3892;-37.557581,149.757710
Malmsbury Railway Station;Malmsbury;Daylesford - Malmsbury Rd / Calder Hwy, Malmsbury 3446;-37.189744,144.375325
Robinvale - Sea Lake Rd/Mallee Hwy;Manangatang;Robinvale - Sea Lake Rd / Mallee Hwy, Manangatang 3546;-35.055067,142.882332
MMBL Depot/High St;Mansfield;Highett St / High St, Mansfield 3722;-37.051630,146.086160
Marengo Cres;Marengo;Marengo Cres, Marengo 3233;-38.777155,143.663176
Marlo Primary School/Jorgensen St;Marlo;Marlo Rd / Jorgensen St, Marlo 3888;-37.795970,148.539231
Grain Silo/Wimmera Hwy;Marnoo;Wimmera Hwy, Marnoo 3387;-36.668625,142.873138
Nicols General Store/Adams St;Marong;High St / Adams St, Marong 3515;-36.735627,144.132335
Marshall Railway Station;Marshall;Marshalltown Rd, Marshall 3216;-38.198550,144.355055
Holyrood St/Park Rd;Maryborough;Holyrood St / Park Rd, Maryborough 3465;-37.038435,143.741298
Clarendon St;Maryborough;Clarendon St, Maryborough 3465;-37.047125,143.736230
Napier St/Derby St;Maryborough;Napier St / Derby St, Maryborough 3465;-37.054010,143.729540
Highview College/Kars St;Maryborough;Burns St / Kars St, Maryborough 3465;-37.053346,143.736810
Sutton Rd;Maryborough;Sutton Rd, Maryborough 3465;-37.048432,143.751744
Maryborough Railway Station;Maryborough;Station St, Maryborough 3465;-37.050912,143.742399
Caltex Service Station/Cobb Hwy (Mathoura;NSW);Lawrence St / Cobb Hwy, Mathoura (NSW) 0;-35.812762,144.902577
Hanily St/South Gippsland Hwy;Meeniyan;Hanily St / South Gippsland Hwy, Meeniyan 3956;-38.577743,146.014145
Geale St/South Gippsland Hwy;Meeniyan;Geale St / South Gippsland Hwy, Meeniyan 3956;-38.578003,146.014200
Qantas Domestic Terminal/Arrival Dr;Melbourne Airport;Arrival Dr, Melbourne Airport 3045;-37.669368,144.852364
Southern Cross Railway Station;Melbourne City;Collins St / Spencer St, Melbourne City 3000;-37.818333,144.952524
Southern Cross Coach Terminal/Spencer St;Melbourne City;Little Bourke St / Spencer St, Melbourne City 3000;-37.816148,144.952690
Flinders Street Railway Station;Melbourne City;Swanston St / Flinders St, Melbourne City 3000;-37.818309,144.966968
Melton Railway Station;Melton South;Staughton St, Melton South 3338;-37.703892,144.572077
Melton Railway Station;Melton South;Station Rd / Staughton St, Melton South 3338;-37.703289,144.572525
Lawler St/Midland Hwy;Meredith;Lawler St / Midland Hwy, Meredith 3333;-37.846137,144.076867
Caltex Roadhouse/Merimbula Dr (Merimbula;NSW);Merimbula Dr, Merimbula (NSW) 0;-36.888060,149.909720
Lions Park/Portland-Casterton Rd;Merino;Coleraine-Merino Rd / Portland-Casterton Rd, Merino 3310;-37.720090,141.547873
Post Office/Portland-Casterton Rd;Merino;Hare St / Portland-Casterton Rd, Merino 3310;-37.714965,141.549333
Caltex Service Station/Waverley Ave;Merrigum;Morrissey St / Waverley Ave, Merrigum 3618;-36.371850,145.132030
General Store/Maroondah Hwy;Merton;Euroa - Mansfield Rd / Maroondah Hwy, Merton 3715;-36.977318,145.710830
Euroa-Mansfield Rd/Maroondah Hwy;Merton;Euroa-Mansfield Rd / Maroondah Hwy, Merton 3715;-36.977600,145.710673
Milawa-Bobinawarrah Rd/Snow Rd;Milawa;Milawa-Bobinawarrah Rd / Snow Rd, Milawa 3678;-36.449477,146.431716
Mildura Railway Station;Mildura;Lime Ave / Seventh St, Mildura 3500;-34.182102,142.163238
Main St/Church St;Minyip;Main St / Church St, Minyip 3392;-36.460292,142.587378
Glossip St/Bendigo - Pyramid Rd;Mitiamo;Glossip St / Bendigo - Pyramid Rd, Mitiamo 3573;-36.211288,144.231943
Blair St/Cobb Hwy (Moama;NSW);Blair St / Cobb Hwy, Moama (NSW) 0;-36.114288,144.756107
Moe Railway Station;Moe;Linton Ave / Lloyd St, Moe 3825;-38.176713,146.262698
Princes Hwy (Mogo;NSW);Princes Hwy, Mogo (NSW) 0;-35.782796,150.142313
General Store/Goulburn Valley Hwy;Molesworth;Goulburn Valley Hwy, Molesworth 3718;-37.167313,145.539052
Riddells Creek Rd/Melbourne Rd;Monegeetta;Riddells Creek Rd / Melbourne Rd, Monegeetta 3433;-37.412796,144.748985
Locks Lane/Pyrenees Hwy;Moolort;Locks Lane / Pyrenees Hwy, Moolort 3465;-37.079580,143.931135
Mill St/Midland Hwy;Mooroopna;Mill St / Midland Hwy, Mooroopna 3629;-36.394078,145.361328
Mooroopna Railway Station;Mooroopna;Young St, Mooroopna 3629;-36.399127,145.358217
Webster St/Dunlop St;Mortlake;Webster St / Dunlop St, Mortlake 3272;-38.080688,142.804770
Apex Park/Princes Hwy (Moruya;NSW);Princes Hwy, Moruya (NSW) 0;-35.911940,150.080280
Morwell Railway Station;Morwell;Princes Dr, Morwell 3840;-38.236847,146.397739
Princes Dr;Morwell;Princes Dr, Morwell 3840;-38.235082,146.429542
Mid Valley Shopping Centre/Mid Valley Dr;Morwell;Mid Valley Dr, Morwell 3840;-38.236848,146.431303
Morwell Railway Station;Morwell;Church St / Princes Dr, Morwell 3840;-38.236723,146.396752
Opposite Cornerstone College/Adelaide Rd (Mount Barker;SA);Hill St / Adelaide Rd, Mount Barker (SA) 5251;-35.060000,138.850000
Falls Creek Coaches/233 Kiewa Valley Hwy;Mount Beauty;Kiewa Valley Hwy, Mount Beauty 3699;-36.737983,147.160988
Village Centre/Mt Buller Rd;Mount Buller;Mt Buller Rd, Mount Buller 3723;-37.148457,146.448968
Gear Ave/Warrenheip St;Mount Helen;Gear Ave / Warrenheip St, Mount Helen 3350;-37.628118,143.879952
Moyston - Dunkeld Rd/Ararat - Pomonal Rd;Moyston;Moyston - Dunkeld Rd / Ararat - Pomonal Rd, Moyston 3377;-37.300802,142.765545
Tourist Information Centre/Jubilee Hwy East (Mt Gambier;SA);Jubilee Hwy East , Mt Gambier (SA) 5290;-37.825714,140.787007
Melbourne St/Inglis St (Mulwala;NSW);Melbourne St / Inglis St, Mulwala (NSW) 0;-35.989224,146.005100
Murchison Bakery/Stevenson St;Murchison;Stevenson St, Murchison 3610;-36.616335,145.217133
Murchinson Bakery/Stevenson St;Murchison;Stevenson St, Murchison 3610;-36.616577,145.217092
Murchison East Railway Station;Murchison East;Goulburn Valley Hwy / Cassidys Rd, Murchison East 3610;-36.613045,145.240382
Information Centre/South Tce (Murray Bridge;SA);South Tce, Murray Bridge (SA) 5253;-35.120560,139.273890
Sharrock St/Mallee Hwy;Murrayville;Sharrock St / Mallee Hwy, Murrayville 3512;-35.263170,141.185880
Murrumbateman Hotel/Barton Hwy (Murrumbateman;NSW);Barton Hwy, Murrumbateman (NSW) 2582;-34.983890,149.027500
Murtoa Medical Centre/McDonald St;Murtoa;McDonald St, Murtoa 3390;-36.619745,142.470587
Opposite Station/Daylesford-Trentham Rd;Musk;Daylesford-Trentham Rd, Musk 3461;-37.372008,144.192986
Bendigo - Murchison Rd/Northern Hwy;Myola;Bendigo - Murchison Rd / Northern Hwy, Myola 3551;-36.599102,144.652965
Bendigo-Murchison Rd/Northern Hwy;Myola;Bendigo-Murchison Rd / Northern Hwy, Myola 3551;-36.599105,144.653055
Post Office/Myrtle St;Myrtleford;Clyde St / Myrtle St, Myrtleford 3737;-36.561775,146.725697
CFA/Boort-Wedderburn Rd;Mysia;Boort-Wedderburn Rd, Mysia 3518;-36.229952,143.755345
Marie St/High St;Nagambie;Marie St / High St, Nagambie 3608;-36.785962,145.153680
Nagambie Railway Station;Nagambie;Prentice St / Nash St, Nagambie 3608;-36.785460,145.160358
Nar Nar Goon Railway Station;Nar Nar Goon;Seven Mile Rd / Nar Nar Goon - Longwarry Rd, Nar Nar Goon 3812;-38.081590,145.571670
Nar Nar Goon Railway Station;Nar Nar Goon;Main St / Carney St, Nar Nar Goon 3812;-38.082141,145.570620
ANZ Bank/Wagonga St (Narooma;NSW);Wagonga St, Narooma (NSW) 0;-36.219440,150.132220
Narooma Information Centre/Princes Hwy (Narooma;NSW);Princes Hwy, Narooma (NSW) 0;-36.216110,150.126110
Narrawong Store/Princes Hwy;Narrawong;Princes Hwy, Narrawong 3285;-38.254148,141.704288
Nathalia Hotel/Blake St;Nathalia;Pearce St / Blake St, Nathalia 3638;-36.058531,145.203948
Veterinary Surgery/Blake St;Nathalia;Pearce St / Blake St, Nathalia 3638;-36.058531,145.203761
Navigators Rd;Navigators;Navigators Rd, Navigators 3352;-37.608370,143.935423
Gisborne Railway Station;New Gisborne;Station Rd / Early St, New Gisborne 3438;-37.458825,144.598718
Gisborne Railway Station/Early St;New Gisborne;Station Rd / Early St, New Gisborne 3438;-37.459200,144.598944
opp General Store/Wimmeria Hwy;Newbridge;Wimmeria Hwy, Newbridge 3551;-36.740045,143.899545
Newbridge General Store/Wimmera Hwy;Newbridge;Burke St / Wimmera Hwy, Newbridge 3551;-36.740139,143.899527
Newham Primary School/Rochford Rd;Newham;Rochford Rd, Newham 3442;-37.311892,144.594473
Forrest Ave/Phillip Island Rd;Newhaven;Forrest Ave / Phillip Island Rd, Newhaven 3925;-38.515370,145.359210
Antique Shop/Midland Hwy;Newlyn;Midland Hwy, Newlyn 3364;-37.401530,143.994537
Princes Hwy;Newmerella;Princes Hwy, Newmerella 3886;-37.735670,148.431350
Newport Railway Station;Newport;Mason St / Melbourne Rd, Newport 3015;-37.842787,144.883387
Panmure St/Pyrenees Hwy;Newstead;Panmure St / Pyrenees Hwy, Newstead 3462;-37.106682,144.061482
Railway Hotel/Creswick - Newstead Rd;Newstead;Tivey St / Creswick - Newstead Rd, Newstead 3462;-37.112450,144.055126
Railway Hotel/Creswick - Newstead Rd;Newstead;Creswick - Newstead Rd, Newstead 3462;-37.112450,144.055126
Information Centre/Western Hwy;Nhill;Macpherson St / Western Hwy, Nhill 3418;-36.334348,141.649027
Information Centre/Western Hwy;Nhill;Brougham St / Western Hwy, Nhill 3418;-36.333920,141.649123
Nhill Railway Station;Nhill;Davis Ave, Nhill 3418;-36.332220,141.653890
General Store/Princes Hwy;Nicholson;Sarsfield Rd / Princes Hwy, Nicholson 3882;-37.816640,147.739058
Bloomfield Rd/Queen St;Nilma;Bloomfield Rd / Queen St, Nilma 3821;-38.169785,145.967322
Clarke St/Main St (Nimmitabel;NSW);Clarke St / Main St, Nimmitabel (NSW) 0;-36.512516,149.284136
Bay of Islands;Nirranda;, Nirranda 3268;-38.532670,142.737197
Post Office/Terang-Mortlake Rd;Noorat;Terang-Mortlake Rd, Noorat 3265;-38.192305,142.927595
North Geelong Railway Station;North Geelong;Victoria St / Princes Hwy, North Geelong 3215;-38.122836,144.352277
North Shore Railway Station;North Shore;North Shore Rd / Station St, North Shore 3214;-38.098373,144.365323
Chisholm TAFE/Bass Hwy;North Wonthaggi;South Dudley Rd / Bass Hwy, North Wonthaggi 3995;-38.589883,145.582933
South Dudley Rd/Bass Hwy;North Wonthaggi;South Dudley Rd / Bass Hwy, North Wonthaggi 3995;-38.589856,145.583208
General Store/Princes Hwy;Nowa Nowa;Hall Rd / Princes Hwy, Nowa Nowa 3887;-37.732313,148.091591
Mingling Waters Café/Princes Hwy;Nowa Nowa;Nowa Nowa Rd / Princes Hwy, Nowa Nowa 3887;-37.733899,148.089187
Nullawil - Birchip Rd/Calder Hwy;Nullawil;Nullawil - Birchip Rd / Calder Hwy, Nullawil 3529;-35.853118,143.177115
Quinn St/Mieklejohn St;Numurkah;Quinn St / Mieklejohn St, Numurkah 3636;-36.089948,145.441015
Walker Park/Whitehorse Rd;Nunawading;Humphreys Ave / Whitehorse Rd, Nunawading 3131;-37.817327,145.185034
McAlpine Rd/Murray Valley Hwy;Nyah;McAlpine Rd / Murray Valley Hwy, Nyah 3594;-35.176045,143.377298
Two Bays Roadhouse/Murray Valley Hwy;Nyah;Nyah West Rd / Murray Valley Hwy, Nyah 3594;-35.185486,143.377125
Mitchell St/Lang Lang-Poowong Rd;Nyora;Mitchell St / Lang Lang-Poowong Rd, Nyora 3987;-38.334917,145.672168
Mitchell St/Lang Lang - Poowong Rd;Nyora;Mitchell St / Lang Lang - Poowong Rd, Nyora 3987;-38.334738,145.672315
Nicholson St/Wolseley St;Orbost;Nicholson St / Wolseley St, Orbost 3888;-37.705880,148.455310
Caltex Station/Calder Hwy;Ouyen;Calder Hwy, Ouyen 3490;-35.069502,142.318934
Ouyen Community Park/Oke St;Ouyen;Pickering St / Oke St, Ouyen 3490;-35.070924,142.315055
Ely St/Snow Rd;Oxley;Ely St / Snow Rd, Oxley 3678;-36.443588,146.383304
Pakenham Railway Station;Pakenham;Henry St / Railway Ave, Pakenham 3810;-38.080208,145.485973
Pakenham Railway Station;Pakenham;Henry Rd / Railway Ave, Pakenham 3810;-38.080610,145.486370
Pambula Post Office/Princes Hwy (Pambula;NSW);Princes Hwy, Pambula (NSW) 0;-36.929720,149.888890
Parilla Store/Mallee Hwy (Parilla;SA);Mallee Hwy, Parilla (SA) 0;-35.294720,140.658610
Highway turn-off/Mallee Hwy (Parrakie;SA);Mallee Hwy, Parrakie (SA) 0;-35.385000,140.247780
Raymond Island Ferry Terminal/Devon Rd;Paynesville;Devon Rd, Paynesville 3880;-37.919099,147.725069
Peake Hotel/Mallee Hwy (Peake;SA);Mallee Hwy, Peake (SA) 0;-35.366546,139.952816
Hotel/Hamilton Hwy;Penshurst;Bell St / Hamilton Hwy, Penshurst 3289;-37.874843,142.290623
Post Office/Hamilton Hwy;Penshurst;Bell St / Hamilton Hwy, Penshurst 3289;-37.874825,142.289927
General Store/Macs St;Peterborough;Blair St / Macs St, Peterborough 3270;-38.607070,142.877193
General Store/Murray St;Piangil;Station St / Murray St, Piangil 3597;-35.054217,143.310577
Milk Bar/Echuca - Nathalia Rd;Picola;Echuca - Nathalia Rd, Picola 3639;-35.998930,145.110965
Fisher St/Western Hwy;Pimpinio;Fisher St / Western Hwy, Pimpinio 3401;-36.584915,142.118272
BP Roadhouse/Holmburg Tce (Pinnaroo;SA);Mallee Hwy / Holmburg Tce, Pinnaroo (SA) 0;-35.260560,140.914440
Kallay Dr/Bass Hwy;Pioneer Bay;Kallay Dr / Bass Hwy, Pioneer Bay 3984;-38.381500,145.553000
Mamre Hotel/Princes Hwy;Pirron Yallock;Princes Hwy, Pirron Yallock 3249;-38.349270,143.429482
Lake Fyans Tourist Rd/Ararat - Pomonal Rd;Pomonal;Lake Fyans Tourist Rd / Ararat - Pomonal Rd, Pomonal 3381;-37.191679,142.609040
Bailey St/Nicholson St;Porepunkah;Bailey St / Nicholson St, Porepunkah 3740;-36.700152,146.911420
Surf Club/Tregea St;Port Campbell;Cairns St / Tregea St, Port Campbell 3269;-38.619202,142.993782
London Bridge/Great Ocean Rd;Port Campbell;Great Ocean Rd, Port Campbell 3269;-38.621732,142.934597
Loch Ard Gorge/Great Ocean Rd;Port Campbell;Great Ocean Rd, Port Campbell 3269;-38.643204,143.071370
South West Roadways Depot/Bank St;Port Fairy;Gipps St / Bank St, Port Fairy 3284;-38.383520,142.239048
Port Fairy Visitor Centre/Bank St;Port Fairy;Gipps St / Bank St, Port Fairy 3284;-38.383523,142.238887
Percy St/Henty St;Portland;Percy St / Henty St, Portland 3305;-38.346033,141.602740
Old Ocean Rd/Great Ocean Rd;Princetown;Old Ocean Rd / Great Ocean Rd, Princetown 3269;-38.691132,143.155483
Twelve Apostles/Great Ocean Rd;Princetown;Great Ocean Rd, Princetown 3269;-38.663350,143.104990
Family Store/Malaya Rd;Puckapunyal;Buna Cres / Malaya Rd, Puckapunyal 3662;-37.001334,145.039387
Power St/High St;Pyalong;Power St / High St, Pyalong 3521;-37.121830,144.858132
Pyramid Railway Station;Pyramid Hill;Boort - Pyramid Rd, Pyramid Hill 3575;-36.053113,144.113130
Pyramid Railway Station;Pyramid Hill;Boort Rd / Leitchville-Pyramid Rd, Pyramid Hill 3575;-36.055220,144.114550
Monica St/Guthrie St;Quambatook;Monica St / Guthrie St, Quambatook 3540;-35.850813,143.520843
Queensferry Rd/Bass Hwy;Queensferry;Queensferry Rd / Bass Hwy, Queensferry 3984;-38.416558,145.523063
Inglewood St/Bendigo - Pyramid Rd;Raywood;Inglewood St / Bendigo - Pyramid Rd, Raywood 3570;-36.535328,144.206408
General Store/Bendigo - Pyramid Rd;Raywood;Inglewood St / Bendigo - Pyramid Rd, Raywood 3570;-36.534990,144.206658
Post Office/Indi Ave;Red Cliffs;Ilex St / Indi Ave, Red Cliffs 3496;-34.307213,142.187549
Richmond Railway Station;Richmond;Punt Rd / Swan St, Richmond 3121;-37.824070,144.990160
Riddells Creek Railway Station;Riddells Creek;Stephen St / Hamilton St, Riddells Creek 3431;-37.465127,144.679828
Riddells Creek Railway Station;Riddells Creek;Station St, Riddells Creek 3431;-37.464623,144.679813
Eastland SC/Warrandyte Rd;Ringwood;Warrandyte Rd, Ringwood 3134;-37.814090,145.230739
Ringwood Railway Station/Maroondah Hwy;Ringwood;Warrandyte Rd / Maroondah Hwy, Ringwood 3134;-37.815028,145.230148
Robinvale Railway Station/Bromley Rd;Robinvale;Perrin St / Bromley Rd, Robinvale 3549;-34.584788,142.770345
Rochester Railway Station;Rochester;Fraser St / Northern Hwy, Rochester 3561;-36.362270,144.698717
Rockbank Railway Station;Rockbank;Leakes Rd, Rockbank 3335;-37.729258,144.650630
Woodend - Wallan Rd/Melbourne - Lancefield Rd;Romsey;Woodend - Wallan Rd / Melbourne - Lancefield Rd, Romsey 3434;-37.350093,144.742810
Windy Ridge Rd/Henty Hwy;Rosebery;Windy Ridge Rd / Henty Hwy, Rosebery 3395;-35.835060,142.422548
Rosebery East Rd/Henty Hwy;Rosebery;Rosebery East Rd / Henty Hwy, Rosebery 3395;-35.834985,142.422743
Hood St/Princes Hwy;Rosedale;Hood St / Princes Hwy, Rosedale 3847;-38.151192,146.786307
Rosedale Railway Station;Rosedale;Hood St / Cansick St, Rosedale 3847;-38.156403,146.786965
Walter St/Cromie St;Rupanyup;Walter St / Cromie St, Rupanyup 3388;-36.631408,142.631412
High St/Bendigo-Murchison Rd;Rushworth;High St / Bendigo-Murchison Rd, Rushworth 3612;-36.585712,145.015017
High St/Murray St;Rutherglen;High St / Murray St, Rutherglen 3685;-36.055055,146.459334
St James Rd/Devenish Rd;Saint James;St James Rd / Devenish Rd, Saint James 3727;-36.269950,145.894388
Gippsland Shopping Centre/Cunninghame St;Sale;Desailly St / Cunninghame St, Sale 3850;-38.107226,147.063512
Sale Railway Station;Sale;Pettit Dr, Sale 3850;-38.103600,147.054595
Post Office/Marine Pde;San Remo;Wynne Rd / Marine Pde, San Remo 3925;-38.520660,145.371170
Sandford Hotel/Portland-Casterton Rd;Sandford;Portland-Casterton Rd, Sandford 3312;-37.611792,141.444130
Drummond St/Glenelg Hwy;Scarsdale;Drummond St / Glenelg Hwy, Scarsdale 3351;-37.666680,143.655702
Hamilton St/Glenelg Hwy;Scarsdale;Hamilton St / Glenelg Hwy, Scarsdale 3351;-37.668175,143.655076
Newsagency/Best St;Sea Lake;Calder Hwy / Best St, Sea Lake 3533;-35.504267,142.849807
Pierce Rd/Bendigo - Pyramid Rd;Sebastian;Pierce Rd / Bendigo - Pyramid Rd, Sebastian 3556;-36.594586,144.199468
Rubicon St/Albert St;Sebastopol;Rubicon St / Albert St, Sebastopol 3356;-37.582260,143.840870
Hunter St/Loddon Valley Hwy;Serpentine;Hunter St / Loddon Valley Hwy, Serpentine 3517;-36.410412,143.974267
Seymour Railway Station;Seymour;Railway Pl, Seymour 3660;-37.025293,145.137440
Seymour Railway Station;Seymour;Railway St, Seymour 3660;-37.024725,145.137733
Sheep Hills Rd/Stawell-Warracknabeal Rd;Sheep Hills;Sheep Hills Rd / Stawell-Warracknabeal Rd, Sheep Hills 3392;-36.387715,142.531205
Shepparton Railway Station;Shepparton;Purcell St, Shepparton 3630;-36.384045,145.406180
Fraser St/Wyndham St;Shepparton;Fraser St / Wyndham St, Shepparton 3630;-36.379839,145.399467
Fryers St/Wyndham St;Shepparton;Fryers St / Wyndham St, Shepparton 3630;-36.379647,145.399732
Goulburn Valley Health/Graham St;Shepparton;Dunlop St / Graham St, Shepparton 3630;-36.362534,145.404774
Sherlock Store/Mallee Hwy (Sherlock;SA);Mallee Hwy, Sherlock (SA) 0;-35.318307,139.802383
Skenes Creek/Great Ocean Rd;Skenes Creek;Skenes Creek Valley Rd / Great Ocean Rd, Skenes Creek 3233;-38.724890,143.710165
Skenes Creek Beach/Great Ocean Rd;Skenes Creek;Skenes Creek Valley Rd / Great Ocean Rd, Skenes Creek 3233;-38.724701,143.710162
BP Roadhouse/Glenelg Hwy;Skipton;Windham St / Glenelg Hwy, Skipton 3361;-37.685240,143.361430
Cumberland Hotel/Creswick-Newstead Rd;Smeaton;Creswick-Newstead Rd, Smeaton 3364;-37.331738,143.948875
Creswick-Newstead Rd;Smeaton;Creswick-Newstead Rd, Smeaton 3364;-37.332180,143.948830
Bells Rd/Glenelg Hwy;Smythes Creek;Bells Rd / Glenelg Hwy, Smythes Creek 3351;-37.596608,143.768955
Loader St/Glenelg Hwy;Smythesdale;Loader St / Glenelg Hwy, Smythesdale 3351;-37.644977,143.684332
South Geelong Railway Station;South Geelong;Yarra St / Carr St, South Geelong 3220;-38.158660,144.358987
BP Service Station/Sunraysia Hwy;Speed;Patchewollock - Sea Lake Rd / Sunraysia Hwy, Speed 3488;-35.401945,142.438840
Springhurst Railway Station;Springhurst;Anzac Rd, Springhurst 3682;-36.185894,146.470421
Post Office/Anzac Rd;Springhurst;Anzac Rd, Springhurst 3682;-36.186275,146.470428
Ginifer Railway Station;St Albans;St Albans Rd, St Albans 3021;-37.757995,144.810068
St Albans Railway Station;St Albans;Main Rd / St Albans Rd, St Albans 3021;-37.744860,144.800050
Dundas St/Market St;St Arnaud;Dundas St / Market St, St Arnaud 3478;-36.615493,143.258797
Mobil Roadhouse/Sunraysia Hwy;St Arnaud;Sunraysia Hwy, St Arnaud 3478;-36.621940,143.265280
Birdwood Ave/Rundell St;Stanhope;Birdwood Ave / Rundell St, Stanhope 3623;-36.445718,144.982585
Stawell Railway Station;Stawell;Victoria St / Napier St, Stawell 3380;-37.059240,142.773542
Tourist Information Centre/Western Hwy;Stawell;Stawell - Avoca Rd / Western Hwy, Stawell 3380;-37.063637,142.763452
Stawell Railway Station;Stawell;Napier St, Stawell 3380;-37.059240,142.773542
Daylesford - Newstead Rd/Newstead - Guildford Rd;Strangways;Daylesford - Newstead Rd / Newstead - Guildford Rd, Strangways 3461;-37.135140,144.078602
Memorial Park/Princes Hwy;Stratford;Raymond St / Princes Hwy, Stratford 3862;-37.965095,147.080037
Post Office/Hobson St;Stratford;Princes Hwy / Hobson St, Stratford 3862;-37.966293,147.080923
Stratford Railway Station;Stratford;Hobson St / McFarlane Cres, Stratford 3862;-37.967047,147.081468
Maguire St/Murray Valley Hwy;Strathmerton;Maguire St / Murray Valley Hwy, Strathmerton 3641;-35.925347,145.479263
Numurkah Rd/Murray Valley Hwy;Strathmerton;Numurkah Rd / Murray Valley Hwy, Strathmerton 3641;-35.925733,145.478448
Milk Bar/Glenelg Hwy;Streatham;Glenelg Hwy, Streatham 3351;-37.679443,143.062670
Sunbury Railway Station;Sunbury;Brook St, Sunbury 3429;-37.579203,144.728167
Sunderland Bay Rd/Phillip Island Rd;Sunderland Bay;Sunderland Bay Rd / Phillip Island Rd, Sunderland Bay 3922;-38.502738,145.281173
Rhyll - Newhaven Rd/Phillip Island Rd;Sunderland Bay;Rhyll - Newhaven Rd / Phillip Island Rd, Sunderland Bay 3922;-38.502608,145.281219
Sunshine Railway Station;Sunshine;Hampshire Rd / Station Pl, Sunshine 3020;-37.788537,144.832881
General Store/Phillip Island Rd;Surf Beach;Dunvegan Cres / Phillip Island Rd, Surf Beach 3922;-38.507889,145.291126
Swan Hill Railway Station;Swan Hill;McCrae St / Curlewis St, Swan Hill 3585;-35.341567,143.562230
General Store/Princes Hwy;Swan Reach;Swan Reach - Bruthen Rd / Princes Hwy, Swan Reach 3903;-37.821998,147.856772
Forest Tech/Princes Hwy;Swan Reach;Princes Hwy, Swan Reach 3903;-37.840252,147.927309
Watergardens Railway Station;Sydenham;Sydenham Rd, Sydenham 3037;-37.701128,144.774186
Shell Roadhouse/North Tce (Tailem Bend;SA);North Tce, Tailem Bend (SA) 5260;-35.253649,139.452256
Scandinavian Cres/Ballarat St;Talbot;Scandinavian Cres / Ballarat St, Talbot 3371;-37.170345,143.702320
Tallarook Railway Station;Tallarook;Sanctuary Rd, Tallarook 3659;-37.092332,145.103002
